/*
Navicat MySQL Data Transfer

Source Server         : local
Source Server Version : 50635
Source Host           : localhost:3306
Source Database       : jeesite-lite2

Target Server Type    : MYSQL
Target Server Version : 50635
File Encoding         : 65001

Date: 2017-09-29 13:54:09
*/

SET FOREIGN_KEY_CHECKS=0;

-- ----------------------------
-- Table structure for gen_scheme
-- ----------------------------
DROP TABLE IF EXISTS `gen_scheme`;
CREATE TABLE `gen_scheme` (
  `id` varchar(64) NOT NULL COMMENT '编号',
  `name` varchar(200) DEFAULT NULL COMMENT '名称',
  `category` varchar(2000) DEFAULT NULL COMMENT '分类',
  `package_name` varchar(500) DEFAULT NULL COMMENT '生成包路径',
  `module_name` varchar(30) DEFAULT NULL COMMENT '生成模块名',
  `sub_module_name` varchar(30) DEFAULT NULL COMMENT '生成子模块名',
  `function_name` varchar(500) DEFAULT NULL COMMENT '生成功能名',
  `function_name_simple` varchar(100) DEFAULT NULL COMMENT '生成功能名（简写）',
  `function_author` varchar(100) DEFAULT NULL COMMENT '生成功能作者',
  `gen_table_id` varchar(200) DEFAULT NULL COMMENT '生成表编号',
  `create_by` varchar(64) DEFAULT NULL COMMENT '创建者',
  `create_date` datetime DEFAULT NULL COMMENT '创建时间',
  `update_by` varchar(64) DEFAULT NULL COMMENT '更新者',
  `update_date` datetime DEFAULT NULL COMMENT '更新时间',
  `remarks` varchar(255) DEFAULT NULL COMMENT '备注信息',
  `del_flag` char(1) NOT NULL DEFAULT '0' COMMENT '删除标记（0：正常；1：删除）',
  PRIMARY KEY (`id`),
  KEY `gen_scheme_del_flag` (`del_flag`) USING BTREE
) ENGINE=InnoDB DEFAULT CHARSET=utf8 COMMENT='生成方案';

-- ----------------------------
-- Records of gen_scheme
-- ----------------------------
INSERT INTO `gen_scheme` VALUES ('35a13dc260284a728a270db3f382664b', '树结构', 'treeTable', 'com.thinkgem.jeesite.modules', 'test3', null, '树结构生成', '树结构', 'ThinkGem', 'f6e4dafaa72f4c509636484715f33a96', '1', '2013-08-12 13:10:05', '1', '2017-09-29 13:34:48', '', '0');
INSERT INTO `gen_scheme` VALUES ('9c9de9db6da743bb899036c6546061ac', '单表', 'curd', 'com.thinkgem.jeesite.modules', 'test1', null, '单表生成', '单表', 'ThinkGem', 'aef6f1fc948f4c9ab1c1b780bc471cc2', '1', '2013-08-12 13:10:05', '1', '2017-09-29 13:34:33', '', '0');
INSERT INTO `gen_scheme` VALUES ('e6d905fd236b46d1af581dd32bdfb3b0', '主子表', 'curd_many', 'com.thinkgem.jeesite.modules', 'test2', null, '主子表生成', '主子表', 'ThinkGem', '43d6d5acffa14c258340ce6765e46c6f', '1', '2013-08-12 13:10:05', '1', '2017-09-29 13:34:41', '', '0');

-- ----------------------------
-- Table structure for gen_table
-- ----------------------------
DROP TABLE IF EXISTS `gen_table`;
CREATE TABLE `gen_table` (
  `id` varchar(64) NOT NULL COMMENT '编号',
  `name` varchar(200) DEFAULT NULL COMMENT '名称',
  `comments` varchar(500) DEFAULT NULL COMMENT '描述',
  `class_name` varchar(100) DEFAULT NULL COMMENT '实体类名称',
  `parent_table` varchar(200) DEFAULT NULL COMMENT '关联父表',
  `parent_table_fk` varchar(100) DEFAULT NULL COMMENT '关联父表外键',
  `create_by` varchar(64) DEFAULT NULL COMMENT '创建者',
  `create_date` datetime DEFAULT NULL COMMENT '创建时间',
  `update_by` varchar(64) DEFAULT NULL COMMENT '更新者',
  `update_date` datetime DEFAULT NULL COMMENT '更新时间',
  `remarks` varchar(255) DEFAULT NULL COMMENT '备注信息',
  `del_flag` char(1) NOT NULL DEFAULT '0' COMMENT '删除标记（0：正常；1：删除）',
  PRIMARY KEY (`id`),
  KEY `gen_table_name` (`name`) USING BTREE,
  KEY `gen_table_del_flag` (`del_flag`) USING BTREE
) ENGINE=InnoDB DEFAULT CHARSET=utf8 COMMENT='业务表';

-- ----------------------------
-- Records of gen_table
-- ----------------------------
INSERT INTO `gen_table` VALUES ('43d6d5acffa14c258340ce6765e46c6f', 'test_data_main', '业务数据表', 'TestDataMain', null, null, '1', '2013-08-12 13:10:05', '1', '2013-08-12 13:10:05', null, '0');
INSERT INTO `gen_table` VALUES ('6e05c389f3c6415ea34e55e9dfb28934', 'test_data_child', '业务数据子表', 'TestDataChild', 'test_data_main', 'test_data_main_id', '1', '2013-08-12 13:10:05', '1', '2013-08-12 13:10:05', null, '0');
INSERT INTO `gen_table` VALUES ('aef6f1fc948f4c9ab1c1b780bc471cc2', 'test_data', '业务数据表', 'TestData', null, null, '1', '2013-08-12 13:10:05', '1', '2013-08-12 13:10:05', null, '0');
INSERT INTO `gen_table` VALUES ('f6e4dafaa72f4c509636484715f33a96', 'test_tree', '树结构表', 'TestTree', null, null, '1', '2013-08-12 13:10:05', '1', '2013-08-12 13:10:05', null, '0');

-- ----------------------------
-- Table structure for gen_table_column
-- ----------------------------
DROP TABLE IF EXISTS `gen_table_column`;
CREATE TABLE `gen_table_column` (
  `id` varchar(64) NOT NULL COMMENT '编号',
  `gen_table_id` varchar(64) DEFAULT NULL COMMENT '归属表编号',
  `name` varchar(200) DEFAULT NULL COMMENT '名称',
  `comments` varchar(500) DEFAULT NULL COMMENT '描述',
  `jdbc_type` varchar(100) DEFAULT NULL COMMENT '列的数据类型的字节长度',
  `java_type` varchar(500) DEFAULT NULL COMMENT 'JAVA类型',
  `java_field` varchar(200) DEFAULT NULL COMMENT 'JAVA字段名',
  `is_pk` char(1) DEFAULT NULL COMMENT '是否主键',
  `is_null` char(1) DEFAULT NULL COMMENT '是否可为空',
  `is_insert` char(1) DEFAULT NULL COMMENT '是否为插入字段',
  `is_edit` char(1) DEFAULT NULL COMMENT '是否编辑字段',
  `is_list` char(1) DEFAULT NULL COMMENT '是否列表字段',
  `is_query` char(1) DEFAULT NULL COMMENT '是否查询字段',
  `query_type` varchar(200) DEFAULT NULL COMMENT '查询方式（等于、不等于、大于、小于、范围、左LIKE、右LIKE、左右LIKE）',
  `show_type` varchar(200) DEFAULT NULL COMMENT '字段生成方案（文本框、文本域、下拉框、复选框、单选框、字典选择、人员选择、部门选择）',
  `dict_type` varchar(200) DEFAULT NULL COMMENT '字典类型',
  `settings` varchar(2000) DEFAULT NULL COMMENT '其它设置（扩展字段JSON）',
  `sort` decimal(10,0) DEFAULT NULL COMMENT '排序（升序）',
  `create_by` varchar(64) DEFAULT NULL COMMENT '创建者',
  `create_date` datetime DEFAULT NULL COMMENT '创建时间',
  `update_by` varchar(64) DEFAULT NULL COMMENT '更新者',
  `update_date` datetime DEFAULT NULL COMMENT '更新时间',
  `remarks` varchar(255) DEFAULT NULL COMMENT '备注信息',
  `del_flag` char(1) NOT NULL DEFAULT '0' COMMENT '删除标记（0：正常；1：删除）',
  PRIMARY KEY (`id`),
  KEY `gen_table_column_table_id` (`gen_table_id`) USING BTREE,
  KEY `gen_table_column_name` (`name`) USING BTREE,
  KEY `gen_table_column_sort` (`sort`) USING BTREE,
  KEY `gen_table_column_del_flag` (`del_flag`) USING BTREE
) ENGINE=InnoDB DEFAULT CHARSET=utf8 COMMENT='业务表字段';

-- ----------------------------
-- Records of gen_table_column
-- ----------------------------
INSERT INTO `gen_table_column` VALUES ('0902a0cb3e8f434280c20e9d771d0658', 'aef6f1fc948f4c9ab1c1b780bc471cc2', 'sex', '性别', 'char(1)', 'String', 'sex', '0', '1', '1', '1', '1', '1', '=', 'radiobox', 'sex', null, '6', '1', '2013-08-12 13:10:05', '1', '2013-08-12 13:10:05', null, '0');
INSERT INTO `gen_table_column` VALUES ('103fc05c88ff40639875c2111881996a', 'aef6f1fc948f4c9ab1c1b780bc471cc2', 'create_date', '创建时间', 'timestamp(6)', 'java.util.Date', 'createDate', '0', '0', '1', '0', '0', '0', '=', 'dateselect', null, null, '9', '1', '2013-08-12 13:10:05', '1', '2013-08-12 13:10:05', null, '0');
INSERT INTO `gen_table_column` VALUES ('12fa38dd986e41908f7fefa5839d1220', '6e05c389f3c6415ea34e55e9dfb28934', 'create_by', '创建者', 'varchar2(64)', 'com.thinkgem.jeesite.modules.sys.entity.User', 'createBy.id', '0', '0', '1', '0', '0', '0', '=', 'input', null, null, '4', '1', '2013-08-12 13:10:05', '1', '2013-08-12 13:10:05', null, '0');
INSERT INTO `gen_table_column` VALUES ('195ee9241f954d008fe01625f4adbfef', 'f6e4dafaa72f4c509636484715f33a96', 'create_by', '创建者', 'varchar2(64)', 'com.thinkgem.jeesite.modules.sys.entity.User', 'createBy.id', '0', '0', '1', '0', '0', '0', '=', 'input', null, null, '6', '1', '2013-08-12 13:10:05', '1', '2013-08-12 13:10:05', null, '0');
INSERT INTO `gen_table_column` VALUES ('19c6478b8ff54c60910c2e4fc3d27503', '43d6d5acffa14c258340ce6765e46c6f', 'id', '编号', 'varchar2(64)', 'String', 'id', '1', '0', '1', '0', '0', '0', '=', 'input', null, null, '1', '1', '2013-08-12 13:10:05', '1', '2013-08-12 13:10:05', null, '0');
INSERT INTO `gen_table_column` VALUES ('1ac6562f753d4e599693840651ab2bf7', '43d6d5acffa14c258340ce6765e46c6f', 'in_date', '加入日期', 'timestamp(6)', 'java.util.Date', 'inDate', '0', '1', '1', '1', '0', '0', '=', 'dateselect', null, null, '7', '1', '2013-08-12 13:10:05', '1', '2013-08-12 13:10:05', null, '0');
INSERT INTO `gen_table_column` VALUES ('1b8eb55f65284fa6b0a5879b6d8ad3ec', 'aef6f1fc948f4c9ab1c1b780bc471cc2', 'in_date', '加入日期', 'timestamp(6)', 'java.util.Date', 'inDate', '0', '1', '1', '1', '0', '1', 'between', 'dateselect', null, null, '7', '1', '2013-08-12 13:10:05', '1', '2013-08-12 13:10:05', null, '0');
INSERT INTO `gen_table_column` VALUES ('1d5ca4d114be41e99f8dc42a682ba609', 'aef6f1fc948f4c9ab1c1b780bc471cc2', 'user_id', '归属用户', 'varchar2(64)', 'com.thinkgem.jeesite.modules.sys.entity.User', 'user.id|name', '0', '1', '1', '1', '1', '1', '=', 'userselect', null, null, '2', '1', '2013-08-12 13:10:05', '1', '2013-08-12 13:10:05', null, '0');
INSERT INTO `gen_table_column` VALUES ('21756504ffdc487eb167a823f89c0c06', '43d6d5acffa14c258340ce6765e46c6f', 'update_by', '更新者', 'varchar2(64)', 'com.thinkgem.jeesite.modules.sys.entity.User', 'updateBy.id', '0', '0', '1', '1', '0', '0', '=', 'input', null, null, '10', '1', '2013-08-12 13:10:05', '1', '2013-08-12 13:10:05', null, '0');
INSERT INTO `gen_table_column` VALUES ('24bbdc0a555e4412a106ab1c5f03008e', 'f6e4dafaa72f4c509636484715f33a96', 'parent_ids', '所有父级编号', 'varchar2(2000)', 'String', 'parentIds', '0', '0', '1', '1', '0', '0', 'like', 'input', null, null, '3', '1', '2013-08-12 13:10:05', '1', '2013-08-12 13:10:05', null, '0');
INSERT INTO `gen_table_column` VALUES ('33152ce420904594b3eac796a27f0560', '6e05c389f3c6415ea34e55e9dfb28934', 'id', '编号', 'varchar2(64)', 'String', 'id', '1', '0', '1', '0', '0', '0', '=', 'input', null, null, '1', '1', '2013-08-12 13:10:05', '1', '2013-08-12 13:10:05', null, '0');
INSERT INTO `gen_table_column` VALUES ('35af241859624a01917ab64c3f4f0813', 'aef6f1fc948f4c9ab1c1b780bc471cc2', 'del_flag', '删除标记（0：正常；1：删除）', 'char(1)', 'String', 'delFlag', '0', '0', '1', '0', '0', '0', '=', 'radiobox', 'del_flag', null, '13', '1', '2013-08-12 13:10:05', '1', '2013-08-12 13:10:05', null, '0');
INSERT INTO `gen_table_column` VALUES ('398b4a03f06940bfb979ca574e1911e3', 'aef6f1fc948f4c9ab1c1b780bc471cc2', 'create_by', '创建者', 'varchar2(64)', 'com.thinkgem.jeesite.modules.sys.entity.User', 'createBy.id', '0', '0', '1', '0', '0', '0', '=', 'input', null, null, '8', '1', '2013-08-12 13:10:05', '1', '2013-08-12 13:10:05', null, '0');
INSERT INTO `gen_table_column` VALUES ('3d9c32865bb44e85af73381df0ffbf3d', '43d6d5acffa14c258340ce6765e46c6f', 'update_date', '更新时间', 'timestamp(6)', 'java.util.Date', 'updateDate', '0', '0', '1', '1', '1', '0', '=', 'dateselect', null, null, '11', '1', '2013-08-12 13:10:05', '1', '2013-08-12 13:10:05', null, '0');
INSERT INTO `gen_table_column` VALUES ('416c76d2019b4f76a96d8dc3a8faf84c', 'f6e4dafaa72f4c509636484715f33a96', 'update_date', '更新时间', 'timestamp(6)', 'java.util.Date', 'updateDate', '0', '0', '1', '1', '1', '0', '=', 'dateselect', null, null, '9', '1', '2013-08-12 13:10:05', '1', '2013-08-12 13:10:05', null, '0');
INSERT INTO `gen_table_column` VALUES ('46e6d8283270493687085d29efdecb05', 'f6e4dafaa72f4c509636484715f33a96', 'del_flag', '删除标记（0：正常；1：删除）', 'char(1)', 'String', 'delFlag', '0', '0', '1', '0', '0', '0', '=', 'radiobox', 'del_flag', null, '11', '1', '2013-08-12 13:10:05', '1', '2013-08-12 13:10:05', null, '0');
INSERT INTO `gen_table_column` VALUES ('4a0a1fff86ca46519477d66b82e01991', 'aef6f1fc948f4c9ab1c1b780bc471cc2', 'name', '名称', 'nvarchar2(100)', 'String', 'name', '0', '1', '1', '1', '1', '1', 'like', 'input', null, null, '5', '1', '2013-08-12 13:10:05', '1', '2013-08-12 13:10:05', null, '0');
INSERT INTO `gen_table_column` VALUES ('4c8ef12cb6924b9ba44048ba9913150b', '43d6d5acffa14c258340ce6765e46c6f', 'create_date', '创建时间', 'timestamp(6)', 'java.util.Date', 'createDate', '0', '0', '1', '0', '0', '0', '=', 'dateselect', null, null, '9', '1', '2013-08-12 13:10:05', '1', '2013-08-12 13:10:05', null, '0');
INSERT INTO `gen_table_column` VALUES ('53d65a3d306d4fac9e561db9d3c66912', '6e05c389f3c6415ea34e55e9dfb28934', 'del_flag', '删除标记（0：正常；1：删除）', 'char(1)', 'String', 'delFlag', '0', '0', '1', '0', '0', '0', '=', 'radiobox', 'del_flag', null, '9', '1', '2013-08-12 13:10:05', '1', '2013-08-12 13:10:05', null, '0');
INSERT INTO `gen_table_column` VALUES ('56fa71c0bd7e4132931874e548dc9ba5', '6e05c389f3c6415ea34e55e9dfb28934', 'update_by', '更新者', 'varchar2(64)', 'com.thinkgem.jeesite.modules.sys.entity.User', 'updateBy.id', '0', '0', '1', '1', '0', '0', '=', 'input', null, null, '6', '1', '2013-08-12 13:10:05', '1', '2013-08-12 13:10:05', null, '0');
INSERT INTO `gen_table_column` VALUES ('5a4a1933c9c844fdba99de043dc8205e', 'aef6f1fc948f4c9ab1c1b780bc471cc2', 'update_by', '更新者', 'varchar2(64)', 'com.thinkgem.jeesite.modules.sys.entity.User', 'updateBy.id', '0', '0', '1', '1', '0', '0', '=', 'input', null, null, '10', '1', '2013-08-12 13:10:05', '1', '2013-08-12 13:10:05', null, '0');
INSERT INTO `gen_table_column` VALUES ('5e5c69bd3eaa4dcc9743f361f3771c08', 'aef6f1fc948f4c9ab1c1b780bc471cc2', 'id', '编号', 'varchar2(64)', 'String', 'id', '1', '0', '1', '0', '0', '0', '=', 'input', null, null, '1', '1', '2013-08-12 13:10:05', '1', '2013-08-12 13:10:05', null, '0');
INSERT INTO `gen_table_column` VALUES ('633f5a49ec974c099158e7b3e6bfa930', 'f6e4dafaa72f4c509636484715f33a96', 'name', '名称', 'nvarchar2(100)', 'String', 'name', '0', '0', '1', '1', '1', '1', 'like', 'input', null, null, '4', '1', '2013-08-12 13:10:05', '1', '2013-08-12 13:10:05', null, '0');
INSERT INTO `gen_table_column` VALUES ('652491500f2641ffa7caf95a93e64d34', '6e05c389f3c6415ea34e55e9dfb28934', 'update_date', '更新时间', 'timestamp(6)', 'java.util.Date', 'updateDate', '0', '0', '1', '1', '1', '0', '=', 'dateselect', null, null, '7', '1', '2013-08-12 13:10:05', '1', '2013-08-12 13:10:05', null, '0');
INSERT INTO `gen_table_column` VALUES ('6763ff6dc7cd4c668e76cf9b697d3ff6', 'f6e4dafaa72f4c509636484715f33a96', 'sort', '排序', 'number(10)', 'Integer', 'sort', '0', '0', '1', '1', '1', '0', '=', 'input', null, null, '5', '1', '2013-08-12 13:10:05', '1', '2013-08-12 13:10:05', null, '0');
INSERT INTO `gen_table_column` VALUES ('67d0331f809a48ee825602659f0778e8', '43d6d5acffa14c258340ce6765e46c6f', 'name', '名称', 'nvarchar2(100)', 'String', 'name', '0', '1', '1', '1', '1', '1', 'like', 'input', null, null, '5', '1', '2013-08-12 13:10:05', '1', '2013-08-12 13:10:05', null, '0');
INSERT INTO `gen_table_column` VALUES ('68345713bef3445c906f70e68f55de38', '6e05c389f3c6415ea34e55e9dfb28934', 'test_data_main_id', '业务主表', 'varchar2(64)', 'String', 'testDataMain.id', '0', '1', '1', '1', '0', '0', '=', 'input', null, null, '2', '1', '2013-08-12 13:10:05', '1', '2013-08-12 13:10:05', null, '0');
INSERT INTO `gen_table_column` VALUES ('7f871058d94c4d9a89084be7c9ce806d', '6e05c389f3c6415ea34e55e9dfb28934', 'remarks', '备注信息', 'nvarchar2(255)', 'String', 'remarks', '0', '1', '1', '1', '1', '0', '=', 'input', null, null, '8', '1', '2013-08-12 13:10:05', '1', '2013-08-12 13:10:05', null, '0');
INSERT INTO `gen_table_column` VALUES ('8b48774cfe184913b8b5eb17639cf12d', '43d6d5acffa14c258340ce6765e46c6f', 'create_by', '创建者', 'varchar2(64)', 'com.thinkgem.jeesite.modules.sys.entity.User', 'createBy.id', '0', '0', '1', '0', '0', '0', '=', 'input', null, null, '8', '1', '2013-08-12 13:10:05', '1', '2013-08-12 13:10:05', null, '0');
INSERT INTO `gen_table_column` VALUES ('8b7cf0525519474ebe1de9e587eb7067', '6e05c389f3c6415ea34e55e9dfb28934', 'create_date', '创建时间', 'timestamp(6)', 'java.util.Date', 'createDate', '0', '0', '1', '0', '0', '0', '=', 'dateselect', null, null, '5', '1', '2013-08-12 13:10:05', '1', '2013-08-12 13:10:05', null, '0');
INSERT INTO `gen_table_column` VALUES ('8b9de88df53e485d8ef461c4b1824bc1', '43d6d5acffa14c258340ce6765e46c6f', 'user_id', '归属用户', 'varchar2(64)', 'com.thinkgem.jeesite.modules.sys.entity.User', 'user.id|name', '0', '1', '1', '1', '1', '1', '=', 'userselect', null, null, '2', '1', '2013-08-12 13:10:05', '1', '2013-08-12 13:10:05', null, '0');
INSERT INTO `gen_table_column` VALUES ('8da38dbe5fe54e9bb1f9682c27fbf403', 'aef6f1fc948f4c9ab1c1b780bc471cc2', 'remarks', '备注信息', 'nvarchar2(255)', 'String', 'remarks', '0', '1', '1', '1', '1', '0', '=', 'textarea', null, null, '12', '1', '2013-08-12 13:10:05', '1', '2013-08-12 13:10:05', null, '0');
INSERT INTO `gen_table_column` VALUES ('92481c16a0b94b0e8bba16c3c54eb1e4', 'f6e4dafaa72f4c509636484715f33a96', 'create_date', '创建时间', 'timestamp(6)', 'java.util.Date', 'createDate', '0', '0', '1', '0', '0', '0', '=', 'dateselect', null, null, '7', '1', '2013-08-12 13:10:05', '1', '2013-08-12 13:10:05', null, '0');
INSERT INTO `gen_table_column` VALUES ('9a012c1d2f934dbf996679adb7cc827a', 'f6e4dafaa72f4c509636484715f33a96', 'parent_id', '父级编号', 'varchar2(64)', 'This', 'parent.id|name', '0', '0', '1', '1', '0', '0', '=', 'treeselect', null, null, '2', '1', '2013-08-12 13:10:05', '1', '2013-08-12 13:10:05', null, '0');
INSERT INTO `gen_table_column` VALUES ('ad3bf0d4b44b4528a5211a66af88f322', 'aef6f1fc948f4c9ab1c1b780bc471cc2', 'office_id', '归属部门', 'varchar2(64)', 'com.thinkgem.jeesite.modules.sys.entity.Office', 'office.id|name', '0', '1', '1', '1', '1', '1', '=', 'officeselect', null, null, '3', '1', '2013-08-12 13:10:05', '1', '2013-08-12 13:10:05', null, '0');
INSERT INTO `gen_table_column` VALUES ('bb1256a8d1b741f6936d8fed06f45eed', 'f6e4dafaa72f4c509636484715f33a96', 'update_by', '更新者', 'varchar2(64)', 'com.thinkgem.jeesite.modules.sys.entity.User', 'updateBy.id', '0', '0', '1', '1', '0', '0', '=', 'input', null, null, '8', '1', '2013-08-12 13:10:05', '1', '2013-08-12 13:10:05', null, '0');
INSERT INTO `gen_table_column` VALUES ('ca68a2d403f0449cbaa1d54198c6f350', '43d6d5acffa14c258340ce6765e46c6f', 'office_id', '归属部门', 'varchar2(64)', 'com.thinkgem.jeesite.modules.sys.entity.Office', 'office.id|name', '0', '1', '1', '1', '0', '0', '=', 'officeselect', null, null, '3', '1', '2013-08-12 13:10:05', '1', '2013-08-12 13:10:05', null, '0');
INSERT INTO `gen_table_column` VALUES ('cb9c0ec3da26432d9cbac05ede0fd1d0', '43d6d5acffa14c258340ce6765e46c6f', 'remarks', '备注信息', 'nvarchar2(255)', 'String', 'remarks', '0', '1', '1', '1', '1', '0', '=', 'textarea', null, null, '12', '1', '2013-08-12 13:10:05', '1', '2013-08-12 13:10:05', null, '0');
INSERT INTO `gen_table_column` VALUES ('cfcfa06ea61749c9b4c4dbc507e0e580', 'f6e4dafaa72f4c509636484715f33a96', 'id', '编号', 'varchar2(64)', 'String', 'id', '1', '0', '1', '0', '0', '0', '=', 'input', null, null, '1', '1', '2013-08-12 13:10:05', '1', '2013-08-12 13:10:05', null, '0');
INSERT INTO `gen_table_column` VALUES ('d5c2d932ae904aa8a9f9ef34cd36fb0b', '43d6d5acffa14c258340ce6765e46c6f', 'sex', '性别', 'char(1)', 'String', 'sex', '0', '1', '1', '1', '0', '1', '=', 'select', 'sex', null, '6', '1', '2013-08-12 13:10:05', '1', '2013-08-12 13:10:05', null, '0');
INSERT INTO `gen_table_column` VALUES ('e64050a2ebf041faa16f12dda5dcf784', '6e05c389f3c6415ea34e55e9dfb28934', 'name', '名称', 'nvarchar2(100)', 'String', 'name', '0', '1', '1', '1', '1', '1', 'like', 'input', null, null, '3', '1', '2013-08-12 13:10:05', '1', '2013-08-12 13:10:05', null, '0');
INSERT INTO `gen_table_column` VALUES ('e8d11127952d4aa288bb3901fc83127f', '43d6d5acffa14c258340ce6765e46c6f', 'del_flag', '删除标记（0：正常；1：删除）', 'char(1)', 'String', 'delFlag', '0', '0', '1', '0', '0', '0', '=', 'radiobox', 'del_flag', null, '13', '1', '2013-08-12 13:10:05', '1', '2013-08-12 13:10:05', null, '0');
INSERT INTO `gen_table_column` VALUES ('eb2e5afd13f147a990d30e68e7f64e12', 'aef6f1fc948f4c9ab1c1b780bc471cc2', 'update_date', '更新时间', 'timestamp(6)', 'java.util.Date', 'updateDate', '0', '0', '1', '1', '1', '0', '=', 'dateselect', null, null, '11', '1', '2013-08-12 13:10:05', '1', '2013-08-12 13:10:05', null, '0');
INSERT INTO `gen_table_column` VALUES ('f5ed8c82bad0413fbfcccefa95931358', 'f6e4dafaa72f4c509636484715f33a96', 'remarks', '备注信息', 'nvarchar2(255)', 'String', 'remarks', '0', '1', '1', '1', '1', '0', '=', 'textarea', null, null, '10', '1', '2013-08-12 13:10:05', '1', '2013-08-12 13:10:05', null, '0');

-- ----------------------------
-- Table structure for sys_dict
-- ----------------------------
DROP TABLE IF EXISTS `sys_dict`;
CREATE TABLE `sys_dict` (
  `id` varchar(64) NOT NULL COMMENT '编号',
  `value` varchar(100) NOT NULL COMMENT '数据值',
  `label` varchar(100) NOT NULL COMMENT '标签名',
  `type` varchar(100) NOT NULL COMMENT '类型',
  `description` varchar(100) NOT NULL COMMENT '描述',
  `sort` decimal(10,0) NOT NULL COMMENT '排序（升序）',
  `parent_id` varchar(64) DEFAULT '0' COMMENT '父级编号',
  `create_by` varchar(64) NOT NULL COMMENT '创建者',
  `create_date` datetime NOT NULL COMMENT '创建时间',
  `update_by` varchar(64) NOT NULL COMMENT '更新者',
  `update_date` datetime NOT NULL COMMENT '更新时间',
  `remarks` varchar(255) DEFAULT NULL COMMENT '备注信息',
  `del_flag` char(1) NOT NULL DEFAULT '0' COMMENT '删除标记',
  PRIMARY KEY (`id`),
  KEY `sys_dict_value` (`value`) USING BTREE,
  KEY `sys_dict_label` (`label`) USING BTREE,
  KEY `sys_dict_del_flag` (`del_flag`) USING BTREE
) ENGINE=InnoDB DEFAULT CHARSET=utf8 COMMENT='字典表';

-- ----------------------------
-- Records of sys_dict
-- ----------------------------
INSERT INTO `sys_dict` VALUES ('1', '0', '正常', 'del_flag', '删除标记', '10', '0', '1', '2013-05-27 08:00:00', '1', '2013-05-27 08:00:00', null, '0');
INSERT INTO `sys_dict` VALUES ('10', 'yellow', '黄色', 'color', '颜色值', '40', '0', '1', '2013-05-27 08:00:00', '1', '2013-05-27 08:00:00', null, '0');
INSERT INTO `sys_dict` VALUES ('11', 'orange', '橙色', 'color', '颜色值', '50', '0', '1', '2013-05-27 08:00:00', '1', '2013-05-27 08:00:00', null, '0');
INSERT INTO `sys_dict` VALUES ('2', '1', '删除', 'del_flag', '删除标记', '20', '0', '1', '2013-05-27 08:00:00', '1', '2013-05-27 08:00:00', null, '0');
INSERT INTO `sys_dict` VALUES ('21', '1', '公司', 'sys_office_type', '机构类型', '60', '0', '1', '2013-05-27 08:00:00', '1', '2013-05-27 08:00:00', null, '0');
INSERT INTO `sys_dict` VALUES ('22', '2', '部门', 'sys_office_type', '机构类型', '70', '0', '1', '2013-05-27 08:00:00', '1', '2013-05-27 08:00:00', null, '0');
INSERT INTO `sys_dict` VALUES ('23', '3', '小组', 'sys_office_type', '机构类型', '80', '0', '1', '2013-05-27 08:00:00', '1', '2013-05-27 08:00:00', null, '0');
INSERT INTO `sys_dict` VALUES ('24', '4', '其它', 'sys_office_type', '机构类型', '90', '0', '1', '2013-05-27 08:00:00', '1', '2013-05-27 08:00:00', null, '0');
INSERT INTO `sys_dict` VALUES ('25', '1', '综合部', 'sys_office_common', '快捷通用部门', '30', '0', '1', '2013-05-27 08:00:00', '1', '2013-05-27 08:00:00', null, '0');
INSERT INTO `sys_dict` VALUES ('26', '2', '开发部', 'sys_office_common', '快捷通用部门', '40', '0', '1', '2013-05-27 08:00:00', '1', '2013-05-27 08:00:00', null, '0');
INSERT INTO `sys_dict` VALUES ('27', '3', '人力部', 'sys_office_common', '快捷通用部门', '50', '0', '1', '2013-05-27 08:00:00', '1', '2013-05-27 08:00:00', null, '0');
INSERT INTO `sys_dict` VALUES ('28', '1', '一级', 'sys_office_grade', '机构等级', '10', '0', '1', '2013-05-27 08:00:00', '1', '2013-05-27 08:00:00', null, '0');
INSERT INTO `sys_dict` VALUES ('29', '2', '二级', 'sys_office_grade', '机构等级', '20', '0', '1', '2013-05-27 08:00:00', '1', '2013-05-27 08:00:00', null, '0');
INSERT INTO `sys_dict` VALUES ('3', '1', '显示', 'show_hide', '显示/隐藏', '10', '0', '1', '2013-05-27 08:00:00', '1', '2013-05-27 08:00:00', null, '0');
INSERT INTO `sys_dict` VALUES ('30', '3', '三级', 'sys_office_grade', '机构等级', '30', '0', '1', '2013-05-27 08:00:00', '1', '2013-05-27 08:00:00', null, '0');
INSERT INTO `sys_dict` VALUES ('31', '4', '四级', 'sys_office_grade', '机构等级', '40', '0', '1', '2013-05-27 08:00:00', '1', '2013-05-27 08:00:00', null, '0');
INSERT INTO `sys_dict` VALUES ('32', '1', '所有数据', 'sys_data_scope', '数据范围', '10', '0', '1', '2013-05-27 08:00:00', '1', '2013-05-27 08:00:00', null, '0');
INSERT INTO `sys_dict` VALUES ('33', '2', '所在公司及以下数据', 'sys_data_scope', '数据范围', '20', '0', '1', '2013-05-27 08:00:00', '1', '2013-05-27 08:00:00', null, '0');
INSERT INTO `sys_dict` VALUES ('34', '3', '所在公司数据', 'sys_data_scope', '数据范围', '30', '0', '1', '2013-05-27 08:00:00', '1', '2013-05-27 08:00:00', null, '0');
INSERT INTO `sys_dict` VALUES ('35', '4', '所在部门及以下数据', 'sys_data_scope', '数据范围', '40', '0', '1', '2013-05-27 08:00:00', '1', '2013-05-27 08:00:00', null, '0');
INSERT INTO `sys_dict` VALUES ('36', '5', '所在部门数据', 'sys_data_scope', '数据范围', '50', '0', '1', '2013-05-27 08:00:00', '1', '2013-05-27 08:00:00', null, '0');
INSERT INTO `sys_dict` VALUES ('37', '8', '仅本人数据', 'sys_data_scope', '数据范围', '90', '0', '1', '2013-05-27 08:00:00', '1', '2013-05-27 08:00:00', null, '0');
INSERT INTO `sys_dict` VALUES ('38', '9', '按明细设置', 'sys_data_scope', '数据范围', '100', '0', '1', '2013-05-27 08:00:00', '1', '2013-05-27 08:00:00', null, '0');
INSERT INTO `sys_dict` VALUES ('4', '0', '隐藏', 'show_hide', '显示/隐藏', '20', '0', '1', '2013-05-27 08:00:00', '1', '2013-05-27 08:00:00', null, '0');
INSERT INTO `sys_dict` VALUES ('5', '1', '是', 'yes_no', '是/否', '10', '0', '1', '2013-05-27 08:00:00', '1', '2013-05-27 08:00:00', null, '0');
INSERT INTO `sys_dict` VALUES ('6', '0', '否', 'yes_no', '是/否', '20', '0', '1', '2013-05-27 08:00:00', '1', '2013-05-27 08:00:00', null, '0');
INSERT INTO `sys_dict` VALUES ('67', '1', '接入日志', 'sys_log_type', '日志类型', '30', '0', '1', '2013-06-03 08:00:00', '1', '2013-06-03 08:00:00', null, '0');
INSERT INTO `sys_dict` VALUES ('68', '2', '异常日志', 'sys_log_type', '日志类型', '40', '0', '1', '2013-06-03 08:00:00', '1', '2013-06-03 08:00:00', null, '0');
INSERT INTO `sys_dict` VALUES ('7', 'red', '红色', 'color', '颜色值', '10', '0', '1', '2013-05-27 08:00:00', '1', '2017-09-04 14:53:14', '', '0');
INSERT INTO `sys_dict` VALUES ('8', 'green', '绿色', 'color', '颜色值', '20', '0', '1', '2013-05-27 08:00:00', '1', '2017-09-04 14:41:27', '', '0');
INSERT INTO `sys_dict` VALUES ('9', 'blue', '蓝色', 'color', '颜色值', '30', '0', '1', '2013-05-27 08:00:00', '1', '2017-09-04 14:34:40', '', '0');
INSERT INTO `sys_dict` VALUES ('96', '1', '男', 'sex', '性别', '10', '0', '1', '2013-10-28 08:00:00', '1', '2013-10-28 08:00:00', null, '0');
INSERT INTO `sys_dict` VALUES ('97', '2', '女', 'sex', '性别', '20', '0', '1', '2013-10-28 08:00:00', '1', '2013-10-28 08:00:00', null, '0');

-- ----------------------------
-- Table structure for sys_log
-- ----------------------------
DROP TABLE IF EXISTS `sys_log`;
CREATE TABLE `sys_log` (
  `id` varchar(64) NOT NULL COMMENT '编号',
  `type` char(1) DEFAULT '1' COMMENT '日志类型',
  `title` varchar(255) DEFAULT '' COMMENT '日志标题',
  `create_by` varchar(64) DEFAULT NULL COMMENT '创建者',
  `create_date` datetime DEFAULT NULL COMMENT '创建时间',
  `remote_addr` varchar(255) DEFAULT NULL COMMENT '操作IP地址',
  `user_agent` varchar(255) DEFAULT NULL COMMENT '用户代理',
  `request_uri` varchar(255) DEFAULT NULL COMMENT '请求URI',
  `method` varchar(5) DEFAULT NULL COMMENT '操作方式',
  `params` text COMMENT '操作提交的数据',
  `exception` text COMMENT '异常信息',
  PRIMARY KEY (`id`),
  KEY `sys_log_create_by` (`create_by`) USING BTREE,
  KEY `sys_log_request_uri` (`request_uri`) USING BTREE,
  KEY `sys_log_type` (`type`) USING BTREE,
  KEY `sys_log_create_date` (`create_date`) USING BTREE
) ENGINE=InnoDB DEFAULT CHARSET=utf8 COMMENT='日志表';

-- ----------------------------
-- Records of sys_log
-- ----------------------------

-- ----------------------------
-- Table structure for sys_menu
-- ----------------------------
DROP TABLE IF EXISTS `sys_menu`;
CREATE TABLE `sys_menu` (
  `id` varchar(64) NOT NULL COMMENT '编号',
  `parent_id` varchar(64) NOT NULL COMMENT '父级编号',
  `parent_ids` varchar(2000) NOT NULL COMMENT '所有父级编号',
  `name` varchar(100) NOT NULL COMMENT '名称',
  `sort` decimal(10,0) NOT NULL COMMENT '排序',
  `href` varchar(2000) DEFAULT NULL COMMENT '链接',
  `target` varchar(20) DEFAULT NULL COMMENT '目标',
  `icon` varchar(100) DEFAULT NULL COMMENT '图标',
  `is_show` char(1) NOT NULL COMMENT '是否在菜单中显示',
  `permission` varchar(200) DEFAULT NULL COMMENT '权限标识',
  `create_by` varchar(64) NOT NULL COMMENT '创建者',
  `create_date` datetime NOT NULL COMMENT '创建时间',
  `update_by` varchar(64) NOT NULL COMMENT '更新者',
  `update_date` datetime NOT NULL COMMENT '更新时间',
  `remarks` varchar(255) DEFAULT NULL COMMENT '备注信息',
  `del_flag` char(1) NOT NULL DEFAULT '0' COMMENT '删除标记',
  PRIMARY KEY (`id`),
  KEY `sys_menu_parent_id` (`parent_id`) USING BTREE,
  KEY `sys_menu_del_flag` (`del_flag`) USING BTREE
) ENGINE=InnoDB DEFAULT CHARSET=utf8 COMMENT='菜单表';

-- ----------------------------
-- Records of sys_menu
-- ----------------------------
INSERT INTO `sys_menu` VALUES ('0b2ebd4d639e4c2b83c2dd0764522f24', 'ba8092291b40482db8fe7fc006ea3d76', '0,1,79,3c92c17886944d0687e73e286cada573,ba8092291b40482db8fe7fc006ea3d76,', '编辑', '60', '', '', '', '0', 'test:testData:edit', '1', '2013-08-12 13:10:05', '1', '2013-08-12 13:10:05', '', '0');
INSERT INTO `sys_menu` VALUES ('0ca004d6b1bf4bcab9670a5060d82a55', '3c92c17886944d0687e73e286cada573', '0,1,79,3c92c17886944d0687e73e286cada573,', '树结构', '90', '/test/testTree', '', '', '1', '', '1', '2013-08-12 13:10:05', '1', '2013-08-12 13:10:05', '', '0');
INSERT INTO `sys_menu` VALUES ('1', '0', '0,', '功能菜单', '0', null, null, null, '1', null, '1', '2013-05-27 08:00:00', '1', '2013-05-27 08:00:00', null, '0');
INSERT INTO `sys_menu` VALUES ('10', '3', '0,1,2,3,', '字典管理', '60', '/sys/dict/', null, 'th-list', '1', null, '1', '2013-05-27 08:00:00', '1', '2013-05-27 08:00:00', null, '0');
INSERT INTO `sys_menu` VALUES ('11', '10', '0,1,2,3,10,', '查看', '30', null, null, null, '0', 'sys:dict:view', '1', '2013-05-27 08:00:00', '1', '2013-05-27 08:00:00', null, '0');
INSERT INTO `sys_menu` VALUES ('12', '10', '0,1,2,3,10,', '修改', '40', null, null, null, '0', 'sys:dict:edit', '1', '2013-05-27 08:00:00', '1', '2013-05-27 08:00:00', null, '0');
INSERT INTO `sys_menu` VALUES ('13', '2', '0,1,2,', '机构用户', '970', null, null, null, '1', null, '1', '2013-05-27 08:00:00', '1', '2013-05-27 08:00:00', null, '0');
INSERT INTO `sys_menu` VALUES ('17', '13', '0,1,2,13,', '机构管理', '40', '/sys/office/list', null, 'th-large', '1', null, '1', '2013-05-27 08:00:00', '1', '2013-05-27 08:00:00', null, '0');
INSERT INTO `sys_menu` VALUES ('18', '17', '0,1,2,13,17,', '查看', '30', null, null, null, '0', 'sys:office:view', '1', '2013-05-27 08:00:00', '1', '2013-05-27 08:00:00', null, '0');
INSERT INTO `sys_menu` VALUES ('19', '17', '0,1,2,13,17,', '修改', '40', null, null, null, '0', 'sys:office:edit', '1', '2013-05-27 08:00:00', '1', '2013-05-27 08:00:00', null, '0');
INSERT INTO `sys_menu` VALUES ('2', '1', '0,1,', '系统设置', '900', null, null, null, '1', null, '1', '2013-05-27 08:00:00', '1', '2013-05-27 08:00:00', null, '0');
INSERT INTO `sys_menu` VALUES ('20', '13', '0,1,2,13,', '用户管理', '30', '/sys/user/index', null, 'user', '1', null, '1', '2013-05-27 08:00:00', '1', '2013-05-27 08:00:00', null, '0');
INSERT INTO `sys_menu` VALUES ('21', '20', '0,1,2,13,20,', '查看', '30', null, null, null, '0', 'sys:user:view', '1', '2013-05-27 08:00:00', '1', '2013-05-27 08:00:00', null, '0');
INSERT INTO `sys_menu` VALUES ('22', '20', '0,1,2,13,20,', '修改', '40', null, null, null, '0', 'sys:user:edit', '1', '2013-05-27 08:00:00', '1', '2013-05-27 08:00:00', null, '0');
INSERT INTO `sys_menu` VALUES ('27', '1', '0,1,', '我的面板', '100', '', '', null, '1', '', '1', '2013-05-27 08:00:00', '1', '2017-09-15 10:30:57', '', '0');
INSERT INTO `sys_menu` VALUES ('28', '27', '0,1,27,', '个人信息', '30', null, null, null, '1', null, '1', '2013-05-27 08:00:00', '1', '2013-05-27 08:00:00', null, '0');
INSERT INTO `sys_menu` VALUES ('29', '28', '0,1,27,28,', '个人信息', '30', '/sys/user/info', null, 'user', '1', null, '1', '2013-05-27 08:00:00', '1', '2013-05-27 08:00:00', null, '0');
INSERT INTO `sys_menu` VALUES ('3', '2', '0,1,2,', '系统设置', '980', null, null, null, '1', null, '1', '2013-05-27 08:00:00', '1', '2013-05-27 08:00:00', null, '0');
INSERT INTO `sys_menu` VALUES ('30', '28', '0,1,27,28,', '修改密码', '40', '/sys/user/modifyPwd', null, 'lock', '1', null, '1', '2013-05-27 08:00:00', '1', '2013-05-27 08:00:00', null, '0');
INSERT INTO `sys_menu` VALUES ('3c92c17886944d0687e73e286cada573', '79', '0,1,79,', '生成示例', '120', '', '', '', '1', '', '1', '2013-08-12 13:10:05', '1', '2013-08-12 13:10:05', '', '0');
INSERT INTO `sys_menu` VALUES ('4', '3', '0,1,2,3,', '菜单管理', '30', '/sys/menu/', null, 'list-alt', '1', null, '1', '2013-05-27 08:00:00', '1', '2013-05-27 08:00:00', null, '0');
INSERT INTO `sys_menu` VALUES ('4855cf3b25c244fb8500a380db189d97', 'b1f6d1b86ba24365bae7fd86c5082317', '0,1,79,3c92c17886944d0687e73e286cada573,b1f6d1b86ba24365bae7fd86c5082317,', '查看', '30', '', '', '', '0', 'test:testDataMain:view', '1', '2013-08-12 13:10:05', '1', '2013-08-12 13:10:05', '', '0');
INSERT INTO `sys_menu` VALUES ('5', '4', '0,1,2,3,4,', '查看', '30', null, null, null, '0', 'sys:menu:view', '1', '2013-05-27 08:00:00', '1', '2013-05-27 08:00:00', null, '0');
INSERT INTO `sys_menu` VALUES ('6', '4', '0,1,2,3,4,', '修改', '40', null, null, null, '0', 'sys:menu:edit', '1', '2013-05-27 08:00:00', '1', '2013-05-27 08:00:00', null, '0');
INSERT INTO `sys_menu` VALUES ('67', '2', '0,1,2,', '日志查询', '985', null, null, null, '1', null, '1', '2013-06-03 08:00:00', '1', '2013-06-03 08:00:00', null, '0');
INSERT INTO `sys_menu` VALUES ('68', '67', '0,1,2,67,', '日志查询', '30', '/sys/log', null, 'pencil', '1', 'sys:log:view', '1', '2013-06-03 08:00:00', '1', '2013-06-03 08:00:00', null, '0');
INSERT INTO `sys_menu` VALUES ('7', '3', '0,1,2,3,', '角色管理', '50', '/sys/role/', null, 'lock', '1', null, '1', '2013-05-27 08:00:00', '1', '2013-05-27 08:00:00', null, '0');
INSERT INTO `sys_menu` VALUES ('79', '1', '0,1,', '代码生成', '5000', null, null, null, '1', null, '1', '2013-10-16 08:00:00', '1', '2013-10-16 08:00:00', null, '0');
INSERT INTO `sys_menu` VALUES ('8', '7', '0,1,2,3,7,', '查看', '30', null, null, null, '0', 'sys:role:view', '1', '2013-05-27 08:00:00', '1', '2013-05-27 08:00:00', null, '0');
INSERT INTO `sys_menu` VALUES ('80', '79', '0,1,79,', '代码生成', '50', null, null, null, '1', null, '1', '2013-10-16 08:00:00', '1', '2013-10-16 08:00:00', null, '0');
INSERT INTO `sys_menu` VALUES ('81', '80', '0,1,79,80,', '生成方案配置', '30', '/gen/genScheme', null, null, '1', 'gen:genScheme:view,gen:genScheme:edit', '1', '2013-10-16 08:00:00', '1', '2013-10-16 08:00:00', null, '0');
INSERT INTO `sys_menu` VALUES ('82', '80', '0,1,79,80,', '业务表配置', '20', '/gen/genTable', null, null, '1', 'gen:genTable:view,gen:genTable:edit,gen:genTableColumn:view,gen:genTableColumn:edit', '1', '2013-10-16 08:00:00', '1', '2013-10-16 08:00:00', null, '0');
INSERT INTO `sys_menu` VALUES ('84', '67', '0,1,2,67,', '连接池监视', '40', '/../druid', null, null, '1', null, '1', '2013-10-18 08:00:00', '1', '2013-10-18 08:00:00', null, '0');
INSERT INTO `sys_menu` VALUES ('9', '7', '0,1,2,3,7,', '修改', '40', null, null, null, '0', 'sys:role:edit', '1', '2013-05-27 08:00:00', '1', '2013-05-27 08:00:00', null, '0');
INSERT INTO `sys_menu` VALUES ('afab2db430e2457f9cf3a11feaa8b869', '0ca004d6b1bf4bcab9670a5060d82a55', '0,1,79,3c92c17886944d0687e73e286cada573,0ca004d6b1bf4bcab9670a5060d82a55,', '编辑', '60', '', '', '', '0', 'test:testTree:edit', '1', '2013-08-12 13:10:05', '1', '2013-08-12 13:10:05', '', '0');
INSERT INTO `sys_menu` VALUES ('b1f6d1b86ba24365bae7fd86c5082317', '3c92c17886944d0687e73e286cada573', '0,1,79,3c92c17886944d0687e73e286cada573,', '主子表', '60', '/test/testDataMain', '', '', '1', '', '1', '2013-08-12 13:10:05', '1', '2013-08-12 13:10:05', '', '0');
INSERT INTO `sys_menu` VALUES ('ba8092291b40482db8fe7fc006ea3d76', '3c92c17886944d0687e73e286cada573', '0,1,79,3c92c17886944d0687e73e286cada573,', '单表', '30', '/test/testData', '', '', '1', '', '1', '2013-08-12 13:10:05', '1', '2013-08-12 13:10:05', '', '0');
INSERT INTO `sys_menu` VALUES ('c2e4d9082a0b4386884a0b203afe2c5c', '0ca004d6b1bf4bcab9670a5060d82a55', '0,1,79,3c92c17886944d0687e73e286cada573,0ca004d6b1bf4bcab9670a5060d82a55,', '查看', '30', '', '', '', '0', 'test:testTree:view', '1', '2013-08-12 13:10:05', '1', '2013-08-12 13:10:05', '', '0');
INSERT INTO `sys_menu` VALUES ('d15ec45a4c5449c3bbd7a61d5f9dd1d2', 'b1f6d1b86ba24365bae7fd86c5082317', '0,1,79,3c92c17886944d0687e73e286cada573,b1f6d1b86ba24365bae7fd86c5082317,', '编辑', '60', '', '', '', '0', 'test:testDataMain:edit', '1', '2013-08-12 13:10:05', '1', '2013-08-12 13:10:05', '', '0');
INSERT INTO `sys_menu` VALUES ('df7ce823c5b24ff9bada43d992f373e2', 'ba8092291b40482db8fe7fc006ea3d76', '0,1,79,3c92c17886944d0687e73e286cada573,ba8092291b40482db8fe7fc006ea3d76,', '查看', '30', '', '', '', '0', 'test:testData:view', '1', '2013-08-12 13:10:05', '1', '2013-08-12 13:10:05', '', '0');

-- ----------------------------
-- Table structure for sys_office
-- ----------------------------
DROP TABLE IF EXISTS `sys_office`;
CREATE TABLE `sys_office` (
  `id` varchar(64) NOT NULL COMMENT '编号',
  `parent_id` varchar(64) NOT NULL COMMENT '父级编号',
  `parent_ids` varchar(2000) NOT NULL COMMENT '所有父级编号',
  `name` varchar(100) NOT NULL COMMENT '名称',
  `sort` decimal(10,0) NOT NULL COMMENT '排序',
  `code` varchar(100) DEFAULT NULL COMMENT '机构编码',
  `type` char(1) NOT NULL COMMENT '机构类型',
  `grade` char(1) NOT NULL COMMENT '机构等级',
  `address` varchar(255) DEFAULT NULL COMMENT '联系地址',
  `zip_code` varchar(100) DEFAULT NULL COMMENT '邮政编码',
  `master` varchar(100) DEFAULT NULL COMMENT '负责人',
  `phone` varchar(200) DEFAULT NULL COMMENT '电话',
  `fax` varchar(200) DEFAULT NULL COMMENT '传真',
  `email` varchar(200) DEFAULT NULL COMMENT '邮箱',
  `useable` varchar(64) DEFAULT NULL COMMENT '是否启用',
  `primary_person` varchar(64) DEFAULT NULL COMMENT '主负责人',
  `deputy_person` varchar(64) DEFAULT NULL COMMENT '副负责人',
  `create_by` varchar(64) NOT NULL COMMENT '创建者',
  `create_date` datetime NOT NULL COMMENT '创建时间',
  `update_by` varchar(64) NOT NULL COMMENT '更新者',
  `update_date` datetime NOT NULL COMMENT '更新时间',
  `remarks` varchar(255) DEFAULT NULL COMMENT '备注信息',
  `del_flag` char(1) NOT NULL DEFAULT '0' COMMENT '删除标记',
  PRIMARY KEY (`id`),
  KEY `sys_office_parent_id` (`parent_id`) USING BTREE,
  KEY `sys_office_del_flag` (`del_flag`) USING BTREE,
  KEY `sys_office_type` (`type`) USING BTREE
) ENGINE=InnoDB DEFAULT CHARSET=utf8 COMMENT='机构表';

-- ----------------------------
-- Records of sys_office
-- ----------------------------
INSERT INTO `sys_office` VALUES ('1', '0', '0,', '山东省总公司', '10', '100000', '1', '1', null, null, null, null, null, null, '1', null, null, '1', '2013-05-27 08:00:00', '1', '2013-05-27 08:00:00', null, '0');
INSERT INTO `sys_office` VALUES ('10', '7', '0,1,7,', '市场部', '30', '200003', '2', '2', null, null, null, null, null, null, '1', null, null, '1', '2013-05-27 08:00:00', '1', '2013-05-27 08:00:00', null, '0');
INSERT INTO `sys_office` VALUES ('11', '7', '0,1,7,', '技术部', '40', '200004', '2', '2', null, null, null, null, null, null, '1', null, null, '1', '2013-05-27 08:00:00', '1', '2013-05-27 08:00:00', null, '0');
INSERT INTO `sys_office` VALUES ('12', '7', '0,1,7,', '历城区分公司', '0', '201000', '1', '3', null, null, null, null, null, null, '1', null, null, '1', '2013-05-27 08:00:00', '1', '2013-05-27 08:00:00', null, '0');
INSERT INTO `sys_office` VALUES ('13', '12', '0,1,7,12,', '公司领导', '10', '201001', '2', '3', null, null, null, null, null, null, '1', null, null, '1', '2013-05-27 08:00:00', '1', '2013-05-27 08:00:00', null, '0');
INSERT INTO `sys_office` VALUES ('14', '12', '0,1,7,12,', '综合部', '20', '201002', '2', '3', null, null, null, null, null, null, '1', null, null, '1', '2013-05-27 08:00:00', '1', '2013-05-27 08:00:00', null, '0');
INSERT INTO `sys_office` VALUES ('15', '12', '0,1,7,12,', '市场部', '30', '201003', '2', '3', null, null, null, null, null, null, '1', null, null, '1', '2013-05-27 08:00:00', '1', '2013-05-27 08:00:00', null, '0');
INSERT INTO `sys_office` VALUES ('16', '12', '0,1,7,12,', '技术部', '40', '201004', '2', '3', null, null, null, null, null, null, '1', null, null, '1', '2013-05-27 08:00:00', '1', '2013-05-27 08:00:00', null, '0');
INSERT INTO `sys_office` VALUES ('17', '7', '0,1,7,', '历下区分公司', '40', '201010', '1', '3', null, null, null, null, null, null, '1', null, null, '1', '2013-05-27 08:00:00', '1', '2013-05-27 08:00:00', null, '0');
INSERT INTO `sys_office` VALUES ('18', '17', '0,1,7,17,', '公司领导', '10', '201011', '2', '3', null, null, null, null, null, null, '1', null, null, '1', '2013-05-27 08:00:00', '1', '2013-05-27 08:00:00', null, '0');
INSERT INTO `sys_office` VALUES ('19', '17', '0,1,7,17,', '综合部', '20', '201012', '2', '3', null, null, null, null, null, null, '1', null, null, '1', '2013-05-27 08:00:00', '1', '2013-05-27 08:00:00', null, '0');
INSERT INTO `sys_office` VALUES ('2', '1', '0,1,', '公司领导', '10', '100001', '2', '1', '', '', '', '', '', '', '1', '', '', '1', '2013-05-27 08:00:00', '1', '2017-09-29 10:44:14', '', '0');
INSERT INTO `sys_office` VALUES ('20', '17', '0,1,7,17,', '市场部', '30', '201013', '2', '3', null, null, null, null, null, null, '1', null, null, '1', '2013-05-27 08:00:00', '1', '2013-05-27 08:00:00', null, '0');
INSERT INTO `sys_office` VALUES ('21', '17', '0,1,7,17,', '技术部', '40', '201014', '2', '3', null, null, null, null, null, null, '1', null, null, '1', '2013-05-27 08:00:00', '1', '2013-05-27 08:00:00', null, '0');
INSERT INTO `sys_office` VALUES ('22', '7', '0,1,7,', '高新区分公司', '50', '201010', '1', '3', null, null, null, null, null, null, '1', null, null, '1', '2013-05-27 08:00:00', '1', '2013-05-27 08:00:00', null, '0');
INSERT INTO `sys_office` VALUES ('23', '22', '0,1,7,22,', '公司领导', '10', '201011', '2', '3', null, null, null, null, null, null, '1', null, null, '1', '2013-05-27 08:00:00', '1', '2013-05-27 08:00:00', null, '0');
INSERT INTO `sys_office` VALUES ('24', '22', '0,1,7,22,', '综合部', '20', '201012', '2', '3', null, null, null, null, null, null, '1', null, null, '1', '2013-05-27 08:00:00', '1', '2013-05-27 08:00:00', null, '0');
INSERT INTO `sys_office` VALUES ('25', '22', '0,1,7,22,', '市场部', '30', '201013', '2', '3', null, null, null, null, null, null, '1', null, null, '1', '2013-05-27 08:00:00', '1', '2013-05-27 08:00:00', null, '0');
INSERT INTO `sys_office` VALUES ('26', '22', '0,1,7,22,', '技术部', '40', '201014', '2', '3', null, null, null, null, null, null, '1', null, null, '1', '2013-05-27 08:00:00', '1', '2013-05-27 08:00:00', null, '0');
INSERT INTO `sys_office` VALUES ('3', '1', '0,1,', '综合部', '20', '100002', '2', '1', null, null, null, null, null, null, '1', null, null, '1', '2013-05-27 08:00:00', '1', '2013-05-27 08:00:00', null, '0');
INSERT INTO `sys_office` VALUES ('4', '1', '0,1,', '市场部', '30', '100003', '2', '1', null, null, null, null, null, null, '1', null, null, '1', '2013-05-27 08:00:00', '1', '2013-05-27 08:00:00', null, '0');
INSERT INTO `sys_office` VALUES ('5', '1', '0,1,', '技术部', '40', '100004', '2', '1', null, null, null, null, null, null, '1', null, null, '1', '2013-05-27 08:00:00', '1', '2013-05-27 08:00:00', null, '0');
INSERT INTO `sys_office` VALUES ('6', '1', '0,1,', '研发部', '50', '100005', '2', '1', null, null, null, null, null, null, '1', null, null, '1', '2013-05-27 08:00:00', '1', '2013-05-27 08:00:00', null, '0');
INSERT INTO `sys_office` VALUES ('7', '1', '0,1,', '济南市分公司', '20', '200000', '1', '2', null, null, null, null, null, null, '1', null, null, '1', '2013-05-27 08:00:00', '1', '2013-05-27 08:00:00', null, '0');
INSERT INTO `sys_office` VALUES ('8', '7', '0,1,7,', '公司领导', '10', '200001', '2', '2', null, null, null, null, null, null, '1', null, null, '1', '2013-05-27 08:00:00', '1', '2013-05-27 08:00:00', null, '0');
INSERT INTO `sys_office` VALUES ('9', '7', '0,1,7,', '综合部', '20', '200002', '2', '2', null, null, null, null, null, null, '1', null, null, '1', '2013-05-27 08:00:00', '1', '2013-05-27 08:00:00', null, '0');

-- ----------------------------
-- Table structure for sys_role
-- ----------------------------
DROP TABLE IF EXISTS `sys_role`;
CREATE TABLE `sys_role` (
  `id` varchar(64) NOT NULL COMMENT '编号',
  `office_id` varchar(64) DEFAULT NULL COMMENT '归属机构',
  `name` varchar(100) NOT NULL COMMENT '角色名称',
  `enname` varchar(255) DEFAULT NULL COMMENT '英文名称',
  `role_type` varchar(255) DEFAULT NULL COMMENT '角色类型',
  `data_scope` char(1) DEFAULT NULL COMMENT '数据范围',
  `sys_data` varchar(64) DEFAULT NULL COMMENT '是否系统数据',
  `useable` varchar(64) DEFAULT NULL COMMENT '是否可用',
  `create_by` varchar(64) NOT NULL COMMENT '创建者',
  `create_date` datetime NOT NULL COMMENT '创建时间',
  `update_by` varchar(64) NOT NULL COMMENT '更新者',
  `update_date` datetime NOT NULL COMMENT '更新时间',
  `remarks` varchar(255) DEFAULT NULL COMMENT '备注信息',
  `del_flag` char(1) NOT NULL DEFAULT '0' COMMENT '删除标记',
  PRIMARY KEY (`id`),
  KEY `sys_role_del_flag` (`del_flag`) USING BTREE
) ENGINE=InnoDB DEFAULT CHARSET=utf8 COMMENT='角色表';

-- ----------------------------
-- Records of sys_role
-- ----------------------------
INSERT INTO `sys_role` VALUES ('1', '1', '系统管理员', 'dept', 'assignment', '1', null, '1', '1', '2013-05-27 08:00:00', '1', '2013-05-27 08:00:00', null, '0');
INSERT INTO `sys_role` VALUES ('2', '1', '公司管理员', 'hr', 'assignment', '2', null, '1', '1', '2013-05-27 08:00:00', '1', '2013-05-27 08:00:00', null, '0');
INSERT INTO `sys_role` VALUES ('3', '1', '本公司管理员', 'a', 'assignment', '3', null, '1', '1', '2013-05-27 08:00:00', '1', '2013-05-27 08:00:00', null, '0');
INSERT INTO `sys_role` VALUES ('4', '1', '部门管理员', 'b', 'assignment', '4', null, '1', '1', '2013-05-27 08:00:00', '1', '2013-05-27 08:00:00', null, '0');
INSERT INTO `sys_role` VALUES ('5', '1', '本部门管理员', 'c', 'assignment', '5', null, '1', '1', '2013-05-27 08:00:00', '1', '2013-05-27 08:00:00', null, '0');
INSERT INTO `sys_role` VALUES ('6', '1', '普通用户', 'd', 'assignment', '8', null, '1', '1', '2013-05-27 08:00:00', '1', '2013-05-27 08:00:00', null, '0');
INSERT INTO `sys_role` VALUES ('7', '7', '济南市管理员', 'e', 'assignment', '9', null, '1', '1', '2013-05-27 08:00:00', '1', '2017-09-27 11:19:02', null, '0');

-- ----------------------------
-- Table structure for sys_role_menu
-- ----------------------------
DROP TABLE IF EXISTS `sys_role_menu`;
CREATE TABLE `sys_role_menu` (
  `role_id` varchar(64) NOT NULL COMMENT '角色编号',
  `menu_id` varchar(64) NOT NULL COMMENT '菜单编号',
  PRIMARY KEY (`role_id`,`menu_id`)
) ENGINE=InnoDB DEFAULT CHARSET=utf8 COMMENT='角色-菜单';

-- ----------------------------
-- Records of sys_role_menu
-- ----------------------------
INSERT INTO `sys_role_menu` VALUES ('1', '1');
INSERT INTO `sys_role_menu` VALUES ('1', '10');
INSERT INTO `sys_role_menu` VALUES ('1', '11');
INSERT INTO `sys_role_menu` VALUES ('1', '12');
INSERT INTO `sys_role_menu` VALUES ('1', '13');
INSERT INTO `sys_role_menu` VALUES ('1', '17');
INSERT INTO `sys_role_menu` VALUES ('1', '18');
INSERT INTO `sys_role_menu` VALUES ('1', '19');
INSERT INTO `sys_role_menu` VALUES ('1', '2');
INSERT INTO `sys_role_menu` VALUES ('1', '20');
INSERT INTO `sys_role_menu` VALUES ('1', '21');
INSERT INTO `sys_role_menu` VALUES ('1', '22');
INSERT INTO `sys_role_menu` VALUES ('1', '27');
INSERT INTO `sys_role_menu` VALUES ('1', '28');
INSERT INTO `sys_role_menu` VALUES ('1', '29');
INSERT INTO `sys_role_menu` VALUES ('1', '3');
INSERT INTO `sys_role_menu` VALUES ('1', '30');
INSERT INTO `sys_role_menu` VALUES ('1', '4');
INSERT INTO `sys_role_menu` VALUES ('1', '5');
INSERT INTO `sys_role_menu` VALUES ('1', '6');
INSERT INTO `sys_role_menu` VALUES ('1', '67');
INSERT INTO `sys_role_menu` VALUES ('1', '68');
INSERT INTO `sys_role_menu` VALUES ('1', '7');
INSERT INTO `sys_role_menu` VALUES ('1', '79');
INSERT INTO `sys_role_menu` VALUES ('1', '8');
INSERT INTO `sys_role_menu` VALUES ('1', '80');
INSERT INTO `sys_role_menu` VALUES ('1', '81');
INSERT INTO `sys_role_menu` VALUES ('1', '82');
INSERT INTO `sys_role_menu` VALUES ('1', '84');
INSERT INTO `sys_role_menu` VALUES ('1', '9');
INSERT INTO `sys_role_menu` VALUES ('2', '1');
INSERT INTO `sys_role_menu` VALUES ('2', '10');
INSERT INTO `sys_role_menu` VALUES ('2', '11');
INSERT INTO `sys_role_menu` VALUES ('2', '12');
INSERT INTO `sys_role_menu` VALUES ('2', '13');
INSERT INTO `sys_role_menu` VALUES ('2', '17');
INSERT INTO `sys_role_menu` VALUES ('2', '18');
INSERT INTO `sys_role_menu` VALUES ('2', '19');
INSERT INTO `sys_role_menu` VALUES ('2', '2');
INSERT INTO `sys_role_menu` VALUES ('2', '20');
INSERT INTO `sys_role_menu` VALUES ('2', '21');
INSERT INTO `sys_role_menu` VALUES ('2', '22');
INSERT INTO `sys_role_menu` VALUES ('2', '27');
INSERT INTO `sys_role_menu` VALUES ('2', '28');
INSERT INTO `sys_role_menu` VALUES ('2', '29');
INSERT INTO `sys_role_menu` VALUES ('2', '3');
INSERT INTO `sys_role_menu` VALUES ('2', '30');
INSERT INTO `sys_role_menu` VALUES ('2', '4');
INSERT INTO `sys_role_menu` VALUES ('2', '5');
INSERT INTO `sys_role_menu` VALUES ('2', '6');
INSERT INTO `sys_role_menu` VALUES ('2', '67');
INSERT INTO `sys_role_menu` VALUES ('2', '68');
INSERT INTO `sys_role_menu` VALUES ('2', '7');
INSERT INTO `sys_role_menu` VALUES ('2', '79');
INSERT INTO `sys_role_menu` VALUES ('2', '8');
INSERT INTO `sys_role_menu` VALUES ('2', '80');
INSERT INTO `sys_role_menu` VALUES ('2', '81');
INSERT INTO `sys_role_menu` VALUES ('2', '82');
INSERT INTO `sys_role_menu` VALUES ('2', '84');
INSERT INTO `sys_role_menu` VALUES ('2', '9');
INSERT INTO `sys_role_menu` VALUES ('3', '1');
INSERT INTO `sys_role_menu` VALUES ('3', '10');
INSERT INTO `sys_role_menu` VALUES ('3', '11');
INSERT INTO `sys_role_menu` VALUES ('3', '12');
INSERT INTO `sys_role_menu` VALUES ('3', '13');
INSERT INTO `sys_role_menu` VALUES ('3', '17');
INSERT INTO `sys_role_menu` VALUES ('3', '18');
INSERT INTO `sys_role_menu` VALUES ('3', '19');
INSERT INTO `sys_role_menu` VALUES ('3', '2');
INSERT INTO `sys_role_menu` VALUES ('3', '20');
INSERT INTO `sys_role_menu` VALUES ('3', '21');
INSERT INTO `sys_role_menu` VALUES ('3', '22');
INSERT INTO `sys_role_menu` VALUES ('3', '27');
INSERT INTO `sys_role_menu` VALUES ('3', '28');
INSERT INTO `sys_role_menu` VALUES ('3', '29');
INSERT INTO `sys_role_menu` VALUES ('3', '3');
INSERT INTO `sys_role_menu` VALUES ('3', '30');
INSERT INTO `sys_role_menu` VALUES ('3', '4');
INSERT INTO `sys_role_menu` VALUES ('3', '5');
INSERT INTO `sys_role_menu` VALUES ('3', '6');
INSERT INTO `sys_role_menu` VALUES ('3', '67');
INSERT INTO `sys_role_menu` VALUES ('3', '68');
INSERT INTO `sys_role_menu` VALUES ('3', '7');
INSERT INTO `sys_role_menu` VALUES ('3', '79');
INSERT INTO `sys_role_menu` VALUES ('3', '8');
INSERT INTO `sys_role_menu` VALUES ('3', '80');
INSERT INTO `sys_role_menu` VALUES ('3', '81');
INSERT INTO `sys_role_menu` VALUES ('3', '82');
INSERT INTO `sys_role_menu` VALUES ('3', '84');
INSERT INTO `sys_role_menu` VALUES ('3', '9');

-- ----------------------------
-- Table structure for sys_role_office
-- ----------------------------
DROP TABLE IF EXISTS `sys_role_office`;
CREATE TABLE `sys_role_office` (
  `role_id` varchar(64) NOT NULL COMMENT '角色编号',
  `office_id` varchar(64) NOT NULL COMMENT '机构编号',
  PRIMARY KEY (`role_id`,`office_id`)
) ENGINE=InnoDB DEFAULT CHARSET=utf8 COMMENT='角色-机构';

-- ----------------------------
-- Records of sys_role_office
-- ----------------------------
INSERT INTO `sys_role_office` VALUES ('7', '10');
INSERT INTO `sys_role_office` VALUES ('7', '11');
INSERT INTO `sys_role_office` VALUES ('7', '12');
INSERT INTO `sys_role_office` VALUES ('7', '13');
INSERT INTO `sys_role_office` VALUES ('7', '14');
INSERT INTO `sys_role_office` VALUES ('7', '15');
INSERT INTO `sys_role_office` VALUES ('7', '16');
INSERT INTO `sys_role_office` VALUES ('7', '17');
INSERT INTO `sys_role_office` VALUES ('7', '18');
INSERT INTO `sys_role_office` VALUES ('7', '19');
INSERT INTO `sys_role_office` VALUES ('7', '20');
INSERT INTO `sys_role_office` VALUES ('7', '21');
INSERT INTO `sys_role_office` VALUES ('7', '22');
INSERT INTO `sys_role_office` VALUES ('7', '23');
INSERT INTO `sys_role_office` VALUES ('7', '24');
INSERT INTO `sys_role_office` VALUES ('7', '25');
INSERT INTO `sys_role_office` VALUES ('7', '26');
INSERT INTO `sys_role_office` VALUES ('7', '7');
INSERT INTO `sys_role_office` VALUES ('7', '8');
INSERT INTO `sys_role_office` VALUES ('7', '9');

-- ----------------------------
-- Table structure for sys_user
-- ----------------------------
DROP TABLE IF EXISTS `sys_user`;
CREATE TABLE `sys_user` (
  `id` varchar(64) NOT NULL COMMENT '编号',
  `company_id` varchar(64) NOT NULL COMMENT '归属公司',
  `office_id` varchar(64) NOT NULL COMMENT '归属部门',
  `login_name` varchar(100) NOT NULL COMMENT '登录名',
  `password` varchar(100) NOT NULL COMMENT '密码',
  `no` varchar(100) DEFAULT NULL COMMENT '工号',
  `name` varchar(100) NOT NULL COMMENT '姓名',
  `email` varchar(200) DEFAULT NULL COMMENT '邮箱',
  `phone` varchar(200) DEFAULT NULL COMMENT '电话',
  `mobile` varchar(200) DEFAULT NULL COMMENT '手机',
  `user_type` char(1) DEFAULT NULL COMMENT '用户类型',
  `photo` varchar(1000) DEFAULT NULL COMMENT '用户头像',
  `login_ip` varchar(100) DEFAULT NULL COMMENT '最后登陆IP',
  `login_date` datetime DEFAULT NULL COMMENT '最后登陆时间',
  `login_flag` varchar(64) DEFAULT NULL COMMENT '是否可登录',
  `create_by` varchar(64) NOT NULL COMMENT '创建者',
  `create_date` datetime NOT NULL COMMENT '创建时间',
  `update_by` varchar(64) NOT NULL COMMENT '更新者',
  `update_date` datetime NOT NULL COMMENT '更新时间',
  `remarks` varchar(255) DEFAULT NULL COMMENT '备注信息',
  `del_flag` char(1) NOT NULL DEFAULT '0' COMMENT '删除标记',
  PRIMARY KEY (`id`),
  KEY `sys_user_office_id` (`office_id`) USING BTREE,
  KEY `sys_user_login_name` (`login_name`) USING BTREE,
  KEY `sys_user_company_id` (`company_id`) USING BTREE,
  KEY `sys_user_update_date` (`update_date`) USING BTREE,
  KEY `sys_user_del_flag` (`del_flag`) USING BTREE
) ENGINE=InnoDB DEFAULT CHARSET=utf8 COMMENT='用户表';

-- ----------------------------
-- Records of sys_user
-- ----------------------------
INSERT INTO `sys_user` VALUES ('1', '1', '2', 'thinkgem', '02a3f0772fcca9f415adc990734b45c6f059c7d33ee28362c4852032', '0001', '系统管理员', '', '8675', '8675', null, null, '0:0:0:0:0:0:0:1', '2017-09-29 13:34:19', '1', '1', '2013-05-27 08:00:00', '1', '2017-09-15 15:09:38', '最高管理员', '0');
INSERT INTO `sys_user` VALUES ('10', '7', '11', 'jn_jsb', '02a3f0772fcca9f415adc990734b45c6f059c7d33ee28362c4852032', '0010', '济南技术部', '', '', '', null, null, null, null, '0', '1', '2013-05-27 08:00:00', '1', '2017-09-11 14:51:36', '', '0');
INSERT INTO `sys_user` VALUES ('11', '12', '13', 'lc_admin', '02a3f0772fcca9f415adc990734b45c6f059c7d33ee28362c4852032', '0011', '济南历城领导', null, null, null, null, null, null, null, '1', '1', '2013-05-27 08:00:00', '1', '2013-05-27 08:00:00', null, '0');
INSERT INTO `sys_user` VALUES ('12', '12', '18', 'lx_admin', '02a3f0772fcca9f415adc990734b45c6f059c7d33ee28362c4852032', '0012', '济南历下领导', null, null, null, null, null, null, null, '1', '1', '2013-05-27 08:00:00', '1', '2017-09-04 21:04:53', null, '0');
INSERT INTO `sys_user` VALUES ('13', '22', '23', 'gx_admin', '02a3f0772fcca9f415adc990734b45c6f059c7d33ee28362c4852032', '0013', '济南高新领导', null, null, null, null, null, null, null, '1', '1', '2013-05-27 08:00:00', '1', '2013-05-27 08:00:00', null, '0');
INSERT INTO `sys_user` VALUES ('2', '1', '2', 'sd_admin', '02a3f0772fcca9f415adc990734b45c6f059c7d33ee28362c4852032', '0002', '管理员', null, null, null, null, null, null, null, '1', '1', '2013-05-27 08:00:00', '1', '2013-05-27 08:00:00', null, '0');
INSERT INTO `sys_user` VALUES ('3', '1', '3', 'sd_zhb', '02a3f0772fcca9f415adc990734b45c6f059c7d33ee28362c4852032', '0003', '综合部', '', '8676', '8676', null, null, null, null, '1', '1', '2013-05-27 08:00:00', '1', '2017-08-15 15:42:34', '', '0');
INSERT INTO `sys_user` VALUES ('4', '1', '4', 'sd_scb', '02a3f0772fcca9f415adc990734b45c6f059c7d33ee28362c4852032', '0004', '市场部', null, null, null, null, null, null, null, '1', '1', '2013-05-27 08:00:00', '1', '2013-05-27 08:00:00', null, '0');
INSERT INTO `sys_user` VALUES ('5', '1', '5', 'sd_jsb', '02a3f0772fcca9f415adc990734b45c6f059c7d33ee28362c4852032', '0005', '技术部', null, null, null, null, null, null, null, '1', '1', '2013-05-27 08:00:00', '1', '2013-05-27 08:00:00', null, '0');
INSERT INTO `sys_user` VALUES ('6', '1', '6', 'sd_yfb', '02a3f0772fcca9f415adc990734b45c6f059c7d33ee28362c4852032', '0006', '研发部', null, null, null, null, null, null, null, '1', '1', '2013-05-27 08:00:00', '1', '2013-05-27 08:00:00', null, '0');
INSERT INTO `sys_user` VALUES ('7', '7', '8', 'jn_admin', '02a3f0772fcca9f415adc990734b45c6f059c7d33ee28362c4852032', '0007', '济南领导', null, null, null, null, null, null, null, '1', '1', '2013-05-27 08:00:00', '1', '2013-05-27 08:00:00', null, '0');
INSERT INTO `sys_user` VALUES ('8', '7', '9', 'jn_zhb', '02a3f0772fcca9f415adc990734b45c6f059c7d33ee28362c4852032', '0008', '济南综合部', '', '', '', null, null, null, null, '1', '1', '2013-05-27 08:00:00', '1', '2017-09-11 09:23:13', '', '0');
INSERT INTO `sys_user` VALUES ('9', '7', '10', 'jn_scb', '02a3f0772fcca9f415adc990734b45c6f059c7d33ee28362c4852032', '0009', '济南市场部', null, null, null, null, null, null, null, '1', '1', '2013-05-27 08:00:00', '1', '2017-09-04 21:04:53', null, '0');

-- ----------------------------
-- Table structure for sys_user_role
-- ----------------------------
DROP TABLE IF EXISTS `sys_user_role`;
CREATE TABLE `sys_user_role` (
  `user_id` varchar(64) NOT NULL COMMENT '用户编号',
  `role_id` varchar(64) NOT NULL COMMENT '角色编号',
  PRIMARY KEY (`user_id`,`role_id`)
) ENGINE=InnoDB DEFAULT CHARSET=utf8 COMMENT='用户-角色';

-- ----------------------------
-- Records of sys_user_role
-- ----------------------------
INSERT INTO `sys_user_role` VALUES ('1', '1');
INSERT INTO `sys_user_role` VALUES ('1', '2');
INSERT INTO `sys_user_role` VALUES ('10', '2');
INSERT INTO `sys_user_role` VALUES ('11', '3');
INSERT INTO `sys_user_role` VALUES ('12', '4');
INSERT INTO `sys_user_role` VALUES ('13', '5');
INSERT INTO `sys_user_role` VALUES ('2', '1');
INSERT INTO `sys_user_role` VALUES ('3', '2');
INSERT INTO `sys_user_role` VALUES ('4', '3');
INSERT INTO `sys_user_role` VALUES ('5', '4');
INSERT INTO `sys_user_role` VALUES ('6', '5');
INSERT INTO `sys_user_role` VALUES ('7', '2');
INSERT INTO `sys_user_role` VALUES ('7', '7');
INSERT INTO `sys_user_role` VALUES ('8', '2');
INSERT INTO `sys_user_role` VALUES ('9', '1');

-- ----------------------------
-- Table structure for test_data
-- ----------------------------
DROP TABLE IF EXISTS `test_data`;
CREATE TABLE `test_data` (
  `id` varchar(64) NOT NULL COMMENT '编号',
  `user_id` varchar(64) DEFAULT NULL COMMENT '归属用户',
  `office_id` varchar(64) DEFAULT NULL COMMENT '归属部门',
  `name` varchar(100) DEFAULT NULL COMMENT '名称',
  `sex` char(1) DEFAULT NULL COMMENT '性别',
  `in_date` datetime DEFAULT NULL COMMENT '加入日期',
  `create_by` varchar(64) NOT NULL COMMENT '创建者',
  `create_date` datetime NOT NULL COMMENT '创建时间',
  `update_by` varchar(64) NOT NULL COMMENT '更新者',
  `update_date` datetime NOT NULL COMMENT '更新时间',
  `remarks` varchar(255) DEFAULT NULL COMMENT '备注信息',
  `del_flag` char(1) NOT NULL DEFAULT '0' COMMENT '删除标记',
  PRIMARY KEY (`id`),
  KEY `test_data_del_flag` (`del_flag`) USING BTREE
) ENGINE=InnoDB DEFAULT CHARSET=utf8 COMMENT='业务数据表';

-- ----------------------------
-- Records of test_data
-- ----------------------------
INSERT INTO `test_data` VALUES ('66fbe1ef30184400ad826e728798e053', '2', '3', '测试', '1', '2017-09-20 16:10:26', '1', '2017-09-12 16:10:34', '1', '2017-09-12 16:10:34', '111111', '0');

-- ----------------------------
-- Table structure for test_data_child
-- ----------------------------
DROP TABLE IF EXISTS `test_data_child`;
CREATE TABLE `test_data_child` (
  `id` varchar(64) NOT NULL COMMENT '编号',
  `test_data_main_id` varchar(64) DEFAULT NULL COMMENT '业务主表ID',
  `name` varchar(100) DEFAULT NULL COMMENT '名称',
  `create_by` varchar(64) NOT NULL COMMENT '创建者',
  `create_date` datetime NOT NULL COMMENT '创建时间',
  `update_by` varchar(64) NOT NULL COMMENT '更新者',
  `update_date` datetime NOT NULL COMMENT '更新时间',
  `remarks` varchar(255) DEFAULT NULL COMMENT '备注信息',
  `del_flag` char(1) NOT NULL DEFAULT '0' COMMENT '删除标记',
  PRIMARY KEY (`id`),
  KEY `test_data_child_del_flag` (`del_flag`) USING BTREE
) ENGINE=InnoDB DEFAULT CHARSET=utf8 COMMENT='业务数据子表';

-- ----------------------------
-- Records of test_data_child
-- ----------------------------
INSERT INTO `test_data_child` VALUES ('1c2d115db904401f97dd26c7972cc731', 'dbcece490aae4337a0b940f8eeead6a8', '11', '1', '2017-09-12 18:12:36', '1', '2017-09-12 18:12:36', '11', '0');
INSERT INTO `test_data_child` VALUES ('c8ce4d530fbc4116b5935268bbf0240a', 'dbcece490aae4337a0b940f8eeead6a8', '33', '1', '2017-09-12 18:12:36', '1', '2017-09-12 18:12:36', '33', '0');

-- ----------------------------
-- Table structure for test_data_main
-- ----------------------------
DROP TABLE IF EXISTS `test_data_main`;
CREATE TABLE `test_data_main` (
  `id` varchar(64) NOT NULL COMMENT '编号',
  `user_id` varchar(64) DEFAULT NULL COMMENT '归属用户',
  `office_id` varchar(64) DEFAULT NULL COMMENT '归属部门',
  `name` varchar(100) DEFAULT NULL COMMENT '名称',
  `sex` char(1) DEFAULT NULL COMMENT '性别',
  `in_date` datetime DEFAULT NULL COMMENT '加入日期',
  `create_by` varchar(64) NOT NULL COMMENT '创建者',
  `create_date` datetime NOT NULL COMMENT '创建时间',
  `update_by` varchar(64) NOT NULL COMMENT '更新者',
  `update_date` datetime NOT NULL COMMENT '更新时间',
  `remarks` varchar(255) DEFAULT NULL COMMENT '备注信息',
  `del_flag` char(1) NOT NULL DEFAULT '0' COMMENT '删除标记',
  PRIMARY KEY (`id`),
  KEY `test_data_main_del_flag` (`del_flag`) USING BTREE
) ENGINE=InnoDB DEFAULT CHARSET=utf8 COMMENT='业务数据表';

-- ----------------------------
-- Records of test_data_main
-- ----------------------------
INSERT INTO `test_data_main` VALUES ('dbcece490aae4337a0b940f8eeead6a8', '2', '2', 'test2', '1', '2017-09-12 17:55:42', '1', '2017-09-12 17:56:16', '1', '2017-09-12 18:12:36', '22222', '0');

-- ----------------------------
-- Table structure for test_tree
-- ----------------------------
DROP TABLE IF EXISTS `test_tree`;
CREATE TABLE `test_tree` (
  `id` varchar(64) NOT NULL COMMENT '编号',
  `parent_id` varchar(64) NOT NULL COMMENT '父级编号',
  `parent_ids` varchar(2000) NOT NULL COMMENT '所有父级编号',
  `name` varchar(100) NOT NULL COMMENT '名称',
  `sort` decimal(10,0) NOT NULL COMMENT '排序',
  `create_by` varchar(64) NOT NULL COMMENT '创建者',
  `create_date` datetime NOT NULL COMMENT '创建时间',
  `update_by` varchar(64) NOT NULL COMMENT '更新者',
  `update_date` datetime NOT NULL COMMENT '更新时间',
  `remarks` varchar(255) DEFAULT NULL COMMENT '备注信息',
  `del_flag` char(1) NOT NULL DEFAULT '0' COMMENT '删除标记',
  PRIMARY KEY (`id`),
  KEY `test_tree_del_flag` (`del_flag`) USING BTREE,
  KEY `test_data_parent_id` (`parent_id`) USING BTREE
) ENGINE=InnoDB DEFAULT CHARSET=utf8 COMMENT='树结构表';

-- ----------------------------
-- Records of test_tree
-- ----------------------------
INSERT INTO `test_tree` VALUES ('3136412dbc82425a93de4d282e0db681', '79d2e1a893274452a185b091c247d3f5', '0,79d2e1a893274452a185b091c247d3f5,', '111', '30', '1', '2017-09-12 19:45:32', '1', '2017-09-12 19:45:32', '', '0');
INSERT INTO `test_tree` VALUES ('79d2e1a893274452a185b091c247d3f5', '0', '0,', '11', '30', '1', '2017-09-12 19:45:20', '1', '2017-09-12 19:45:20', '11', '0');
INSERT INTO `test_tree` VALUES ('fcd29f336d014fde8de46b9e427aecd7', '0', '0,', '22', '30', '1', '2017-09-12 19:45:26', '1', '2017-09-12 19:45:26', '', '0');
